{"cameraMode":{"drawMode":0,"name":"Shaded","section":"Shading Mode"},"sceneLighting":false,"audioPlay":false,"sceneViewState":{"showFog":true,"showMaterialUpdate":false,"showSkybox":true,"showFlares":true,"showImageEffects":true,"showParticleSystems":true},"in2DMode":false,"pivot":{"x":-0.5406813025474548,"y":-0.09232966601848602,"z":0.6708996295928955},"rotation":{"x":0.0015151629922911525,"y":0.995784342288971,"z":-0.0901743620634079,"w":0.016731543466448785},"size":1.0578839778900147,"orthographic":false}