{"cameraMode":{"drawMode":0,"name":"Shaded","section":"Shading Mode"},"sceneLighting":false,"audioPlay":false,"sceneViewState":{"showFog":true,"showMaterialUpdate":false,"showSkybox":true,"showFlares":true,"showImageEffects":true,"showParticleSystems":true},"in2DMode":false,"pivot":{"x":-0.15049439668655396,"y":0.23582401871681214,"z":0.6928207278251648},"rotation":{"x":0.015399659983813763,"y":0.9744656085968018,"z":-0.07058658450841904,"w":0.21259626746177674},"size":0.4708981215953827,"orthographic":false}